n_observations,final_cumulative_return,mean_daily_return,annualized_return,annualized_volatility,sharpe_ratio,max_drawdown,hit_rate,number_of_position_changes,turnover,total_transaction_costs,alpha,annualized_alpha,newey_west_standard_error,newey_west_tstat,newey_west_pvalue,newey_west_lags
1257,2.698042041500768,0.001256995797064973,0.2997669123561928,0.3319374751947888,0.8127039955277335,-0.3538260365422813,0.18854415274463007,38,39.0,0.078,0.0012569957970649734,0.31676294086037327,0.0005368798008205201,2.341298359789083,0.019216803236253625,5
