fold_id,weight_method,oos,test,oos_minus_test
fold_1,equal_weight,1.4543698386330317,-1.8898579925767522,3.3442278312097837
fold_1,inverse_half_life,1.2686316030805256,-1.986338236953221,3.2549698400337466
fold_1,rank_weight,1.141715209240337,-1.559912636596227,2.701627845836564
fold_2,equal_weight,-1.5895478545898993,0.6075643762933599,-2.1971122308832594
fold_2,inverse_half_life,-1.7501952867666142,0.5375474041047573,-2.2877426908713714
fold_2,rank_weight,-1.4440510796663129,0.1280259696431325,-1.5720770493094454
fold_3,equal_weight,-0.5159212987747129,-0.4436946105919628,-0.07222668818275013
fold_3,inverse_half_life,-0.006925776739227036,-0.3437365527376514,0.33681077599842435
fold_3,rank_weight,0.522109317545583,-0.24328396522884582,0.7653932827744288
