fold_id,weight_method,oos,test,oos_minus_test
fold_1,equal_weight,1.5198201114481786,-2.0385373863934326,3.5583574978416115
fold_1,inverse_half_life,1.3682150595092017,-2.1064193291471582,3.47463438865636
fold_1,rank_weight,1.2274123125512435,-1.4794761877674254,2.706888500318669
fold_2,equal_weight,-1.5921075928117432,0.722308256547025,-2.314415849358768
fold_2,inverse_half_life,-1.7204877334525543,0.6349783140030029,-2.355466047455557
fold_2,rank_weight,-1.3558337001941883,0.2059005981191451,-1.5617342983133333
fold_3,equal_weight,-0.47402945238443833,-0.42463847938598914,-0.04939097299844919
fold_3,inverse_half_life,0.05693702203080927,-0.3290541974835995,0.38599121951440873
fold_3,rank_weight,0.5971295577846497,-0.20180921839039945,0.7989387761750492
