fold_id,weight_method,oos,test,oos_minus_test
fold_1,equal_weight,1.1087228479263151,-1.8898579925767522,2.9985808405030676
fold_1,inverse_half_life,0.9222046627059123,-1.986338236953221,2.908542899659133
fold_1,rank_weight,0.7516556778801896,-1.559912636596227,2.3115683144764168
fold_2,equal_weight,-2.0872661558526406,0.6075643762933599,-2.6948305321460007
fold_2,inverse_half_life,-2.2514478518725847,0.5375474041047573,-2.788995255977342
fold_2,rank_weight,-1.8116130539132689,0.1280259696431325,-1.9396390235564014
fold_3,equal_weight,-0.7535196581288296,-0.4436946105919628,-0.3098250475368668
fold_3,inverse_half_life,-0.23922722239599362,-0.3437365527376514,0.1045093303416578
fold_3,rank_weight,0.3181422685353916,-0.24328396522884582,0.5614262337642375
