fold_id,weight_method,oos,test,oos_minus_test
fold_1,equal_weight,-0.044414109957879755,-0.18131833297154953,0.13690422301366978
fold_1,inverse_half_life,-0.049437956971354224,-0.17932587515470766,0.12988791818335343
fold_1,rank_weight,-0.0757599789191924,-0.1447214333087271,0.06896145438953472
fold_2,equal_weight,-0.11306751872157084,-0.05467159560522583,-0.058395923116345005
fold_2,inverse_half_life,-0.11785310959285733,-0.058876115072957314,-0.05897699451990002
fold_2,rank_weight,-0.13420213547095894,-0.06341371648954275,-0.07078841898141619
fold_3,equal_weight,-0.15180783746083926,-0.1102858039988367,-0.04152203346200256
fold_3,inverse_half_life,-0.09907093660545574,-0.10645902905642324,0.007388092450967498
fold_3,rank_weight,-0.08687149853247467,-0.11344678465519165,0.02657528612271698
