fold_id,weight_method,oos,test,oos_minus_test
fold_1,equal_weight,0.1246375159291857,-0.1682860126263438,0.2929235285555295
fold_1,inverse_half_life,0.10848503153343358,-0.167930191043819,0.2764152225772526
fold_1,rank_weight,0.08672141182649118,-0.10992590624482101,0.1966473180713122
fold_2,equal_weight,-0.09544864449823254,0.05308608098421841,-0.14853472548245095
fold_2,inverse_half_life,-0.10435612171319919,0.043795162481961025,-0.14815128419516022
fold_2,rank_weight,-0.11742274378304629,0.011643351806884139,-0.12906609558993043
fold_3,equal_weight,-0.0643920528360089,-0.04377279037889514,-0.020619262457113763
fold_3,inverse_half_life,-0.0008837693765786359,-0.03483516517812246,0.03395139580154383
fold_3,rank_weight,0.07584516215693538,-0.028576080278773786,0.10442124243570916
