metric,value
mean_daily_return,-0.0014479883926726603
daily_volatility,0.012411737033159901
max_drawdown,-0.7098145528535542
