pair_name,asset_y,asset_x,alpha,beta,spread_mean,spread_std,zscore_mean,zscore_std,zscore_min,zscore_max,num_observations
META_CRM,META,CRM,-3.527794236315935,1.7040256669793084,-3.490583550872352e-15,0.17697807499127624,0.0348810600525797,1.3107248179862572,-5.052800824704785,5.246726082604231,1258
AMZN_CRM,AMZN,CRM,0.08434406635692276,0.909178205753153,-1.0505639813305138e-15,0.11178450082368264,0.13081684517509742,1.3643176667614934,-4.290878648138091,3.910033109683105,1258
