asset_y,asset_x,correlation,cointegration_pvalue,cointegration_passed,half_life,liquidity_passed,avg_dollar_volume_y,avg_dollar_volume_x,rank
META,CRM,0.5098212585964149,0.012001267426227182,True,30.364516475687573,True,6089533392.799819,1464145392.0515862,1
AMZN,CRM,0.561833318707594,0.027105598239535643,True,36.33078515778925,True,9672348720.637047,1464145392.0515862,2
