asset_y,asset_x,correlation,cointegration_pvalue,cointegration_passed,half_life,liquidity_passed,avg_dollar_volume_y,avg_dollar_volume_x,rank
META,CRM,0.5098212585961827,0.01200126742626661,True,30.364516475702562,True,6094920271.938531,1468015767.3745081,1
AMZN,CRM,0.5618333187076126,0.027105598239607395,True,36.33078515780853,True,9672348720.637047,1468015767.3745081,2
